"AddressID","CustomerID","FlatNo","HouseNo","Floor","Building","Landmark","Locality","City","State","Pincode","Coordinates","PrimaryFlag","AddressType","CreatedDate","ModifiedDate"
"1","1","47","93","9","Mohan Residency","Near Lotus Temple","Saket","New Delhi","Delhi","110085","79.0289505,100.112924","Yes","Other","2019-10-29T07:19:58","2019-11-25T07:19:58"
"2","2","3","94","3","Parliament View Apartments","Near Qutub Minar","Moti Bagh","New Delhi","Delhi","110060","-26.2241145,175.294051","Yes","Other","2019-03-12T21:24:02","2019-03-26T21:24:02"
"3","3","13","92","9","Raj Mahal","Beside Jantar Mantar","South Extension","New Delhi","Delhi","110099","70.686411,-134.620282","Yes","Work","2022-05-27T05:46:19","2022-06-10T05:46:19"
"4","4","11","40","10","Golden Heights","Next to Dilli Haat","Pitampura","New Delhi","Delhi","110061","-88.557585,-124.539244","Yes","Home","2021-08-14T11:20:28","2021-09-08T11:20:28"
"5","5","83","96","5","Aakash Ganga","Close to Connaught Place","South Extension","New Delhi","Delhi","110065","-13.726491,26.803470","No","Other","2021-10-16T17:50:34","2021-11-04T17:50:34"