"CustomerID","Name","Mobile","Email","LoginByUsing","Gender","DOB","Anniversary","Preferences","CreatedDate","ModifiedDate"
"1","Urvi Batta","8718877329","urvibatta@hotmail.com","Other_EMail","Male","1995-11-09","2018-11-09","{""FoodPreference"": ""Vegan"", ""CuisineTypes"": [""Continental"", ""Italian"", ""Chinese""]}","2022-06-24T13:01:03.186470","2024-05-31T13:01:03.186476"
"2","Dishani Tella","8797338175","dishanitella@gmail.com","GMail_Account","Male","1999-06-09","2022-06-09","{""FoodPreference"": ""Non-Veg"", ""CuisineTypes"": [""Mediterranean"", ""Mexican"", ""Continental""]}","2021-11-18T13:01:03.186536","2024-07-04T13:01:03.186538"
"3","Mamooty Rajagopalan","7855092020","mamootyrajagopalan@hotmail.com","Facebook_Account","Other","1995-10-20","2018-10-20","{""FoodPreference"": ""Veg"", ""CuisineTypes"": [""Italian"", ""Chinese"", ""Thai""]}","2022-04-11T13:01:03.186570","2024-05-29T13:01:03.186572"
"4","Yuvaan Vala","8431003597","yuvaanvala@outlook.com","Other_EMail","Male","2003-09-16","2026-09-16","{""FoodPreference"": ""Vegan"", ""CuisineTypes"": [""Mediterranean"", ""Italian""]}","2022-01-03T13:01:03.186595","2024-07-03T13:01:03.186596"
"5","Heer Goswami","7426587125","heergoswami@gmail.com","GMail_Account","Corporate","2000-06-15","2023-06-15","{""FoodPreference"": ""Vegan"", ""CuisineTypes"": [""Indian"", ""Thai""]}","2022-01-08T13:01:03.186618","2024-06-09T13:01:03.186619"